{
	"fonts": [
		{
			"name": "sga_10",
			"size": 10,
			"pad": 1,
			"type": "bitmap",
			"characters": [
				{
					"unicode": 65,
					"x": 1,
					"y": 1,
					"width": 5,
					"height": 7,
					"offset_x": 0,
					"offset_y": -7,
					"advance": 6
				},
				{
					"unicode": 66,
					"x": 8,
					"y": 1,
					"width": 5,
					"height": 7,
					"offset_x": 0,
					"offset_y": -7,
					"advance": 6
				},
				{
					"unicode": 67,
					"x": 287,
					"y": 1,
					"width": 2,
					"height": 7,
					"offset_x": 0,
					"offset_y": -7,
					"advance": 6
				},
				{
					"unicode": 68,
					"x": 191,
					"y": 1,
					"width": 5,
					"height": 5,
					"offset_x": 0,
					"offset_y": -7,
					"advance": 6
				},
				{
					"unicode": 69,
					"x": 29,
					"y": 1,
					"width": 5,
					"height": 7,
					"offset_x": 0,
					"offset_y": -7,
					"advance": 6
				},
				{
					"unicode": 70,
					"x": 259,
					"y": 1,
					"width": 5,
					"height": 3,
					"offset_x": 0,
					"offset_y": -7,
					"advance": 6
				},
				{
					"unicode": 71,
					"x": 210,
					"y": 1,
					"width": 3,
					"height": 7,
					"offset_x": 0,
					"offset_y": -7,
					"advance": 6
				},
				{
					"unicode": 72,
					"x": 50,
					"y": 1,
					"width": 5,
					"height": 7,
					"offset_x": 0,
					"offset_y": -7,
					"advance": 6
				},
				{
					"unicode": 73,
					"x": 303,
					"y": 1,
					"width": 1,
					"height": 7,
					"offset_x": 0,
					"offset_y": -7,
					"advance": 4
				},
				{
					"unicode": 74,
					"x": 306,
					"y": 1,
					"width": 1,
					"height": 7,
					"offset_x": 0,
					"offset_y": -7,
					"advance": 6
				},
				{
					"unicode": 75,
					"x": 71,
					"y": 1,
					"width": 5,
					"height": 7,
					"offset_x": 0,
					"offset_y": -7,
					"advance": 6
				},
				{
					"unicode": 76,
					"x": 205,
					"y": 1,
					"width": 3,
					"height": 7,
					"offset_x": 0,
					"offset_y": -7,
					"advance": 6
				},
				{
					"unicode": 77,
					"x": 43,
					"y": 1,
					"width": 5,
					"height": 7,
					"offset_x": 0,
					"offset_y": -7,
					"advance": 6
				},
				{
					"unicode": 78,
					"x": 155,
					"y": 1,
					"width": 4,
					"height": 7,
					"offset_x": 0,
					"offset_y": -7,
					"advance": 6
				},
				{
					"unicode": 79,
					"x": 161,
					"y": 1,
					"width": 4,
					"height": 7,
					"offset_x": 0,
					"offset_y": -7,
					"advance": 6
				},
				{
					"unicode": 80,
					"x": 215,
					"y": 1,
					"width": 3,
					"height": 7,
					"offset_x": 0,
					"offset_y": -7,
					"advance": 6
				},
				{
					"unicode": 81,
					"x": 113,
					"y": 1,
					"width": 5,
					"height": 7,
					"offset_x": 0,
					"offset_y": -7,
					"advance": 6
				},
				{
					"unicode": 82,
					"x": 167,
					"y": 1,
					"width": 4,
					"height": 7,
					"offset_x": 0,
					"offset_y": -7,
					"advance": 6
				},
				{
					"unicode": 83,
					"x": 291,
					"y": 1,
					"width": 2,
					"height": 7,
					"offset_x": 0,
					"offset_y": -7,
					"advance": 6
				},
				{
					"unicode": 84,
					"x": 134,
					"y": 1,
					"width": 5,
					"height": 7,
					"offset_x": 0,
					"offset_y": -7,
					"advance": 6
				},
				{
					"unicode": 85,
					"x": 273,
					"y": 1,
					"width": 5,
					"height": 3,
					"offset_x": 0,
					"offset_y": -5,
					"advance": 6
				},
				{
					"unicode": 86,
					"x": 148,
					"y": 1,
					"width": 5,
					"height": 7,
					"offset_x": 0,
					"offset_y": -7,
					"advance": 6
				},
				{
					"unicode": 87,
					"x": 245,
					"y": 1,
					"width": 5,
					"height": 4,
					"offset_x": 0,
					"offset_y": -5,
					"advance": 6
				},
				{
					"unicode": 88,
					"x": 22,
					"y": 1,
					"width": 5,
					"height": 7,
					"offset_x": 0,
					"offset_y": -7,
					"advance": 6
				},
				{
					"unicode": 89,
					"x": 220,
					"y": 1,
					"width": 3,
					"height": 7,
					"offset_x": 0,
					"offset_y": -7,
					"advance": 6
				},
				{
					"unicode": 90,
					"x": 57,
					"y": 1,
					"width": 5,
					"height": 7,
					"offset_x": 0,
					"offset_y": -7,
					"advance": 6
				},
				{
					"unicode": 97,
					"x": 141,
					"y": 1,
					"width": 5,
					"height": 7,
					"offset_x": 0,
					"offset_y": -7,
					"advance": 6
				},
				{
					"unicode": 98,
					"x": 78,
					"y": 1,
					"width": 5,
					"height": 7,
					"offset_x": 0,
					"offset_y": -7,
					"advance": 6
				},
				{
					"unicode": 99,
					"x": 295,
					"y": 1,
					"width": 2,
					"height": 7,
					"offset_x": 0,
					"offset_y": -7,
					"advance": 6
				},
				{
					"unicode": 100,
					"x": 198,
					"y": 1,
					"width": 5,
					"height": 5,
					"offset_x": 0,
					"offset_y": -7,
					"advance": 6
				},
				{
					"unicode": 101,
					"x": 85,
					"y": 1,
					"width": 5,
					"height": 7,
					"offset_x": 0,
					"offset_y": -7,
					"advance": 6
				},
				{
					"unicode": 102,
					"x": 266,
					"y": 1,
					"width": 5,
					"height": 3,
					"offset_x": 0,
					"offset_y": -7,
					"advance": 6
				},
				{
					"unicode": 103,
					"x": 235,
					"y": 1,
					"width": 3,
					"height": 7,
					"offset_x": 0,
					"offset_y": -7,
					"advance": 6
				},
				{
					"unicode": 104,
					"x": 92,
					"y": 1,
					"width": 5,
					"height": 7,
					"offset_x": 0,
					"offset_y": -7,
					"advance": 6
				},
				{
					"unicode": 105,
					"x": 309,
					"y": 1,
					"width": 1,
					"height": 7,
					"offset_x": 0,
					"offset_y": -7,
					"advance": 4
				},
				{
					"unicode": 106,
					"x": 312,
					"y": 1,
					"width": 1,
					"height": 7,
					"offset_x": 0,
					"offset_y": -7,
					"advance": 6
				},
				{
					"unicode": 107,
					"x": 99,
					"y": 1,
					"width": 5,
					"height": 7,
					"offset_x": 0,
					"offset_y": -7,
					"advance": 6
				},
				{
					"unicode": 108,
					"x": 225,
					"y": 1,
					"width": 3,
					"height": 7,
					"offset_x": 0,
					"offset_y": -7,
					"advance": 6
				},
				{
					"unicode": 109,
					"x": 106,
					"y": 1,
					"width": 5,
					"height": 7,
					"offset_x": 0,
					"offset_y": -7,
					"advance": 6
				},
				{
					"unicode": 110,
					"x": 185,
					"y": 1,
					"width": 4,
					"height": 7,
					"offset_x": 0,
					"offset_y": -7,
					"advance": 6
				},
				{
					"unicode": 111,
					"x": 173,
					"y": 1,
					"width": 4,
					"height": 7,
					"offset_x": 0,
					"offset_y": -7,
					"advance": 6
				},
				{
					"unicode": 112,
					"x": 230,
					"y": 1,
					"width": 3,
					"height": 7,
					"offset_x": 0,
					"offset_y": -7,
					"advance": 6
				},
				{
					"unicode": 113,
					"x": 127,
					"y": 1,
					"width": 5,
					"height": 7,
					"offset_x": 0,
					"offset_y": -7,
					"advance": 6
				},
				{
					"unicode": 114,
					"x": 179,
					"y": 1,
					"width": 4,
					"height": 7,
					"offset_x": 0,
					"offset_y": -7,
					"advance": 6
				},
				{
					"unicode": 115,
					"x": 299,
					"y": 1,
					"width": 2,
					"height": 7,
					"offset_x": 0,
					"offset_y": -7,
					"advance": 6
				},
				{
					"unicode": 116,
					"x": 120,
					"y": 1,
					"width": 5,
					"height": 7,
					"offset_x": 0,
					"offset_y": -7,
					"advance": 6
				},
				{
					"unicode": 117,
					"x": 280,
					"y": 1,
					"width": 5,
					"height": 3,
					"offset_x": 0,
					"offset_y": -5,
					"advance": 6
				},
				{
					"unicode": 118,
					"x": 15,
					"y": 1,
					"width": 5,
					"height": 7,
					"offset_x": 0,
					"offset_y": -7,
					"advance": 6
				},
				{
					"unicode": 119,
					"x": 252,
					"y": 1,
					"width": 5,
					"height": 4,
					"offset_x": 0,
					"offset_y": -5,
					"advance": 6
				},
				{
					"unicode": 120,
					"x": 36,
					"y": 1,
					"width": 5,
					"height": 7,
					"offset_x": 0,
					"offset_y": -7,
					"advance": 6
				},
				{
					"unicode": 121,
					"x": 240,
					"y": 1,
					"width": 3,
					"height": 7,
					"offset_x": 0,
					"offset_y": -7,
					"advance": 6
				},
				{
					"unicode": 122,
					"x": 64,
					"y": 1,
					"width": 5,
					"height": 7,
					"offset_x": 0,
					"offset_y": -7,
					"advance": 6
				}
			]
		}
	]
}
